Workbook

Sheet Справочник
A1: Справочник: эксперты, альтернативы, критерии
A2: Названия меняются только здесь, остальные листы ссылаются на них формулами.
A3: Эксперты
A4: Э1 | B4: Петров Артем
A5: Э2 | B5: Попова Полина
A6: Э3 | B6: Пауликайте Елона
A9: Код | B9: Альтернатива (кратко) | C9: Описание
A10: A1 | B10: Бронь | C10: Бронирование переговорных и рабочих мест
A11: A2 | B11: Бюджет | C11: Совместный семейный бюджет
A12: A3 | B12: Запись | C12: Онлайн-запись к мастеру
A13: A4 | B13: Привычки | C13: Трекер привычек с челленджами
A16: Код | B16: Критерий | C16: Тип (+ польза / - затраты)
A17: K1 | B17: Востребованность | C17: +
A18: K2 | B18: Простота реализации MVP | C18: +
A19: K3 | B19: Пригодность для оценки и планирования | C19: +
A20: K4 | B20: Потенциал монетизации | C20: +
A21: K5 | B21: Интерес и экспертиза команды | C21: +

Sheet Ввод
A1: Экспертные оценки по шкале 1-9 (заполнить желтые ячейки)
A3: ="Эксперт 1: "&Справочник!$B$4
A4: Важность критериев | B4: =Справочник!$B$17 | C4: =Справочник!$B$18 | D4: =Справочник!$B$19 | E4: =Справочник!$B$20 | F4: =Справочник!$B$21
A5: Оценка 1-9 | B5: 6 | C5: 7 | D5: 9 | E5: 4 | F5: 6
A7: Альтернатива \ критерий | B7: =Справочник!$B$17 | C7: =Справочник!$B$18 | D7: =Справочник!$B$19 | E7: =Справочник!$B$20 | F7: =Справочник!$B$21
A8: =Справочник!$B$10 | B8: 6 | C8: 7 | D8: 8 | E8: 5 | F8: 6
A9: =Справочник!$B$11 | B9: 7 | C9: 6 | D9: 6 | E9: 5 | F9: 7
A10: =Справочник!$B$12 | B10: 8 | C10: 6 | D10: 9 | E10: 8 | F10: 6
A11: =Справочник!$B$13 | B11: 6 | C11: 8 | D11: 6 | E11: 4 | F11: 5
A16: ="Эксперт 2: "&Справочник!$B$5
A17: Важность критериев | B17: =Справочник!$B$17 | C17: =Справочник!$B$18 | D17: =Справочник!$B$19 | E17: =Справочник!$B$20 | F17: =Справочник!$B$21
A18: Оценка 1-9
A20: Альтернатива \ критерий | B20: =Справочник!$B$17 | C20: =Справочник!$B$18 | D20: =Справочник!$B$19 | E20: =Справочник!$B$20 | F20: =Справочник!$B$21
A21: =Справочник!$B$10
A22: =Справочник!$B$11
A23: =Справочник!$B$12
A24: =Справочник!$B$13
A29: ="Эксперт 3: "&Справочник!$B$6
A30: Важность критериев | B30: =Справочник!$B$17 | C30: =Справочник!$B$18 | D30: =Справочник!$B$19 | E30: =Справочник!$B$20 | F30: =Справочник!$B$21
A31: Оценка 1-9
A33: Альтернатива \ критерий | B33: =Справочник!$B$17 | C33: =Справочник!$B$18 | D33: =Справочник!$B$19 | E33: =Справочник!$B$20 | F33: =Справочник!$B$21
A34: =Справочник!$B$10
A35: =Справочник!$B$11
A36: =Справочник!$B$12
A37: =Справочник!$B$13

Sheet Расчет
A1: Нечеткий коллективный TOPSIS
A2: ТНЧ = (MIN; MEDIAN; MAX) трех экспертных оценок = (пессимистичная; ожидаемая; оптимистичная)
A4: 1. Нечеткие веса критериев
A5: Критерий | B5: l | C5: m | D5: u | E5: w_l = l/9 | F5: w_m = m/9 | G5: w_u = u/9
A6: =Справочник!$B$17 | B6: =IF(COUNT(Ввод!B5,Ввод!B18,Ввод!B31)<3,"",MIN(Ввод!B5,Ввод!B18,Ввод!B31)) | C6: =IF(COUNT(Ввод!B5,Ввод!B18,Ввод!B31)<3,"",MEDIAN(Ввод!B5,Ввод!B18,Ввод!B31)) | D6: =IF(COUNT(Ввод!B5,Ввод!B18,Ввод!B31)<3,"",MAX(Ввод!B5,Ввод!B18,Ввод!B31)) | E6: =IFERROR(B6/9,"") | F6: =IFERROR(C6/9,"") | G6: =IFERROR(D6/9,"")
A7: =Справочник!$B$18 | B7: =IF(COUNT(Ввод!C5,Ввод!C18,Ввод!C31)<3,"",MIN(Ввод!C5,Ввод!C18,Ввод!C31)) | C7: =IF(COUNT(Ввод!C5,Ввод!C18,Ввод!C31)<3,"",MEDIAN(Ввод!C5,Ввод!C18,Ввод!C31)) | D7: =IF(COUNT(Ввод!C5,Ввод!C18,Ввод!C31)<3,"",MAX(Ввод!C5,Ввод!C18,Ввод!C31)) | E7: =IFERROR(B7/9,"") | F7: =IFERROR(C7/9,"") | G7: =IFERROR(D7/9,"")
A8: =Справочник!$B$19 | B8: =IF(COUNT(Ввод!D5,Ввод!D18,Ввод!D31)<3,"",MIN(Ввод!D5,Ввод!D18,Ввод!D31)) | C8: =IF(COUNT(Ввод!D5,Ввод!D18,Ввод!D31)<3,"",MEDIAN(Ввод!D5,Ввод!D18,Ввод!D31)) | D8: =IF(COUNT(Ввод!D5,Ввод!D18,Ввод!D31)<3,"",MAX(Ввод!D5,Ввод!D18,Ввод!D31)) | E8: =IFERROR(B8/9,"") | F8: =IFERROR(C8/9,"") | G8: =IFERROR(D8/9,"")
A9: =Справочник!$B$20 | B9: =IF(COUNT(Ввод!E5,Ввод!E18,Ввод!E31)<3,"",MIN(Ввод!E5,Ввод!E18,Ввод!E31)) | C9: =IF(COUNT(Ввод!E5,Ввод!E18,Ввод!E31)<3,"",MEDIAN(Ввод!E5,Ввод!E18,Ввод!E31)) | D9: =IF(COUNT(Ввод!E5,Ввод!E18,Ввод!E31)<3,"",MAX(Ввод!E5,Ввод!E18,Ввод!E31)) | E9: =IFERROR(B9/9,"") | F9: =IFERROR(C9/9,"") | G9: =IFERROR(D9/9,"")
A10: =Справочник!$B$21 | B10: =IF(COUNT(Ввод!F5,Ввод!F18,Ввод!F31)<3,"",MIN(Ввод!F5,Ввод!F18,Ввод!F31)) | C10: =IF(COUNT(Ввод!F5,Ввод!F18,Ввод!F31)<3,"",MEDIAN(Ввод!F5,Ввод!F18,Ввод!F31)) | D10: =IF(COUNT(Ввод!F5,Ввод!F18,Ввод!F31)<3,"",MAX(Ввод!F5,Ввод!F18,Ввод!F31)) | E10: =IFERROR(B10/9,"") | F10: =IFERROR(C10/9,"") | G10: =IFERROR(D10/9,"")
A12: 2. Нечеткая матрица решений (агрегированные оценки)
A13: Альтернатива | B13: =Справочник!$B$17 | E13: =Справочник!$B$18 | H13: =Справочник!$B$19 | K13: =Справочник!$B$20 | N13: =Справочник!$B$21
B14: l | C14: m | D14: u | E14: l | F14: m | G14: u | H14: l | I14: m | J14: u | K14: l | L14: m | M14: u | N14: l | O14: m | P14: u
A15: =Справочник!$B$10 | B15: =IF(COUNT(Ввод!B8,Ввод!B21,Ввод!B34)<3,"",MIN(Ввод!B8,Ввод!B21,Ввод!B34)) | C15: =IF(COUNT(Ввод!B8,Ввод!B21,Ввод!B34)<3,"",MEDIAN(Ввод!B8,Ввод!B21,Ввод!B34)) | D15: =IF(COUNT(Ввод!B8,Ввод!B21,Ввод!B34)<3,"",MAX(Ввод!B8,Ввод!B21,Ввод!B34)) | E15: =IF(COUNT(Ввод!C8,Ввод!C21,Ввод!C34)<3,"",MIN(Ввод!C8,Ввод!C21,Ввод!C34)) | F15: =IF(COUNT(Ввод!C8,Ввод!C21,Ввод!C34)<3,"",MEDIAN(Ввод!C8,Ввод!C21,Ввод!C34)) | G15: =IF(COUNT(Ввод!C8,Ввод!C21,Ввод!C34)<3,"",MAX(Ввод!C8,Ввод!C21,Ввод!C34)) | H15: =IF(COUNT(Ввод!D8,Ввод!D21,Ввод!D34)<3,"",MIN(Ввод!D8,Ввод!D21,Ввод!D34)) | I15: =IF(COUNT(Ввод!D8,Ввод!D21,Ввод!D34)<3,"",MEDIAN(Ввод!D8,Ввод!D21,Ввод!D34)) | J15: =IF(COUNT(Ввод!D8,Ввод!D21,Ввод!D34)<3,"",MAX(Ввод!D8,Ввод!D21,Ввод!D34)) | K15: =IF(COUNT(Ввод!E8,Ввод!E21,Ввод!E34)<3,"",MIN(Ввод!E8,Ввод!E21,Ввод!E34)) | L15: =IF(COUNT(Ввод!E8,Ввод!E21,Ввод!E34)<3,"",MEDIAN(Ввод!E8,Ввод!E21,Ввод!E34)) | M15: =IF(COUNT(Ввод!E8,Ввод!E21,Ввод!E34)<3,"",MAX(Ввод!E8,Ввод!E21,Ввод!E34)) | N15: =IF(COUNT(Ввод!F8,Ввод!F21,Ввод!F34)<3,"",MIN(Ввод!F8,Ввод!F21,Ввод!F34)) | O15: =IF(COUNT(Ввод!F8,Ввод!F21,Ввод!F34)<3,"",MEDIAN(Ввод!F8,Ввод!F21,Ввод!F34)) | P15: =IF(COUNT(Ввод!F8,Ввод!F21,Ввод!F34)<3,"",MAX(Ввод!F8,Ввод!F21,Ввод!F34))
A16: =Справочник!$B$11 | B16: =IF(COUNT(Ввод!B9,Ввод!B22,Ввод!B35)<3,"",MIN(Ввод!B9,Ввод!B22,Ввод!B35)) | C16: =IF(COUNT(Ввод!B9,Ввод!B22,Ввод!B35)<3,"",MEDIAN(Ввод!B9,Ввод!B22,Ввод!B35)) | D16: =IF(COUNT(Ввод!B9,Ввод!B22,Ввод!B35)<3,"",MAX(Ввод!B9,Ввод!B22,Ввод!B35)) | E16: =IF(COUNT(Ввод!C9,Ввод!C22,Ввод!C35)<3,"",MIN(Ввод!C9,Ввод!C22,Ввод!C35)) | F16: =IF(COUNT(Ввод!C9,Ввод!C22,Ввод!C35)<3,"",MEDIAN(Ввод!C9,Ввод!C22,Ввод!C35)) | G16: =IF(COUNT(Ввод!C9,Ввод!C22,Ввод!C35)<3,"",MAX(Ввод!C9,Ввод!C22,Ввод!C35)) | H16: =IF(COUNT(Ввод!D9,Ввод!D22,Ввод!D35)<3,"",MIN(Ввод!D9,Ввод!D22,Ввод!D35)) | I16: =IF(COUNT(Ввод!D9,Ввод!D22,Ввод!D35)<3,"",MEDIAN(Ввод!D9,Ввод!D22,Ввод!D35)) | J16: =IF(COUNT(Ввод!D9,Ввод!D22,Ввод!D35)<3,"",MAX(Ввод!D9,Ввод!D22,Ввод!D35)) | K16: =IF(COUNT(Ввод!E9,Ввод!E22,Ввод!E35)<3,"",MIN(Ввод!E9,Ввод!E22,Ввод!E35)) | L16: =IF(COUNT(Ввод!E9,Ввод!E22,Ввод!E35)<3,"",MEDIAN(Ввод!E9,Ввод!E22,Ввод!E35)) | M16: =IF(COUNT(Ввод!E9,Ввод!E22,Ввод!E35)<3,"",MAX(Ввод!E9,Ввод!E22,Ввод!E35)) | N16: =IF(COUNT(Ввод!F9,Ввод!F22,Ввод!F35)<3,"",MIN(Ввод!F9,Ввод!F22,Ввод!F35)) | O16: =IF(COUNT(Ввод!F9,Ввод!F22,Ввод!F35)<3,"",MEDIAN(Ввод!F9,Ввод!F22,Ввод!F35)) | P16: =IF(COUNT(Ввод!F9,Ввод!F22,Ввод!F35)<3,"",MAX(Ввод!F9,Ввод!F22,Ввод!F35))
A17: =Справочник!$B$12 | B17: =IF(COUNT(Ввод!B10,Ввод!B23,Ввод!B36)<3,"",MIN(Ввод!B10,Ввод!B23,Ввод!B36)) | C17: =IF(COUNT(Ввод!B10,Ввод!B23,Ввод!B36)<3,"",MEDIAN(Ввод!B10,Ввод!B23,Ввод!B36)) | D17: =IF(COUNT(Ввод!B10,Ввод!B23,Ввод!B36)<3,"",MAX(Ввод!B10,Ввод!B23,Ввод!B36)) | E17: =IF(COUNT(Ввод!C10,Ввод!C23,Ввод!C36)<3,"",MIN(Ввод!C10,Ввод!C23,Ввод!C36)) | F17: =IF(COUNT(Ввод!C10,Ввод!C23,Ввод!C36)<3,"",MEDIAN(Ввод!C10,Ввод!C23,Ввод!C36)) | G17: =IF(COUNT(Ввод!C10,Ввод!C23,Ввод!C36)<3,"",MAX(Ввод!C10,Ввод!C23,Ввод!C36)) | H17: =IF(COUNT(Ввод!D10,Ввод!D23,Ввод!D36)<3,"",MIN(Ввод!D10,Ввод!D23,Ввод!D36)) | I17: =IF(COUNT(Ввод!D10,Ввод!D23,Ввод!D36)<3,"",MEDIAN(Ввод!D10,Ввод!D23,Ввод!D36)) | J17: =IF(COUNT(Ввод!D10,Ввод!D23,Ввод!D36)<3,"",MAX(Ввод!D10,Ввод!D23,Ввод!D36)) | K17: =IF(COUNT(Ввод!E10,Ввод!E23,Ввод!E36)<3,"",MIN(Ввод!E10,Ввод!E23,Ввод!E36)) | L17: =IF(COUNT(Ввод!E10,Ввод!E23,Ввод!E36)<3,"",MEDIAN(Ввод!E10,Ввод!E23,Ввод!E36)) | M17: =IF(COUNT(Ввод!E10,Ввод!E23,Ввод!E36)<3,"",MAX(Ввод!E10,Ввод!E23,Ввод!E36)) | N17: =IF(COUNT(Ввод!F10,Ввод!F23,Ввод!F36)<3,"",MIN(Ввод!F10,Ввод!F23,Ввод!F36)) | O17: =IF(COUNT(Ввод!F10,Ввод!F23,Ввод!F36)<3,"",MEDIAN(Ввод!F10,Ввод!F23,Ввод!F36)) | P17: =IF(COUNT(Ввод!F10,Ввод!F23,Ввод!F36)<3,"",MAX(Ввод!F10,Ввод!F23,Ввод!F36))
A18: =Справочник!$B$13 | B18: =IF(COUNT(Ввод!B11,Ввод!B24,Ввод!B37)<3,"",MIN(Ввод!B11,Ввод!B24,Ввод!B37)) | C18: =IF(COUNT(Ввод!B11,Ввод!B24,Ввод!B37)<3,"",MEDIAN(Ввод!B11,Ввод!B24,Ввод!B37)) | D18: =IF(COUNT(Ввод!B11,Ввод!B24,Ввод!B37)<3,"",MAX(Ввод!B11,Ввод!B24,Ввод!B37)) | E18: =IF(COUNT(Ввод!C11,Ввод!C24,Ввод!C37)<3,"",MIN(Ввод!C11,Ввод!C24,Ввод!C37)) | F18: =IF(COUNT(Ввод!C11,Ввод!C24,Ввод!C37)<3,"",MEDIAN(Ввод!C11,Ввод!C24,Ввод!C37)) | G18: =IF(COUNT(Ввод!C11,Ввод!C24,Ввод!C37)<3,"",MAX(Ввод!C11,Ввод!C24,Ввод!C37)) | H18: =IF(COUNT(Ввод!D11,Ввод!D24,Ввод!D37)<3,"",MIN(Ввод!D11,Ввод!D24,Ввод!D37)) | I18: =IF(COUNT(Ввод!D11,Ввод!D24,Ввод!D37)<3,"",MEDIAN(Ввод!D11,Ввод!D24,Ввод!D37)) | J18: =IF(COUNT(Ввод!D11,Ввод!D24,Ввод!D37)<3,"",MAX(Ввод!D11,Ввод!D24,Ввод!D37)) | K18: =IF(COUNT(Ввод!E11,Ввод!E24,Ввод!E37)<3,"",MIN(Ввод!E11,Ввод!E24,Ввод!E37)) | L18: =IF(COUNT(Ввод!E11,Ввод!E24,Ввод!E37)<3,"",MEDIAN(Ввод!E11,Ввод!E24,Ввод!E37)) | M18: =IF(COUNT(Ввод!E11,Ввод!E24,Ввод!E37)<3,"",MAX(Ввод!E11,Ввод!E24,Ввод!E37)) | N18: =IF(COUNT(Ввод!F11,Ввод!F24,Ввод!F37)<3,"",MIN(Ввод!F11,Ввод!F24,Ввод!F37)) | O18: =IF(COUNT(Ввод!F11,Ввод!F24,Ввод!F37)<3,"",MEDIAN(Ввод!F11,Ввод!F24,Ввод!F37)) | P18: =IF(COUNT(Ввод!F11,Ввод!F24,Ввод!F37)<3,"",MAX(Ввод!F11,Ввод!F24,Ввод!F37))
A20: 3. Нормализованная матрица (польза: x/max u; затраты: min l/x в обратном порядке)
A21: Альтернатива | B21: =Справочник!$B$17 | E21: =Справочник!$B$18 | H21: =Справочник!$B$19 | K21: =Справочник!$B$20 | N21: =Справочник!$B$21
B22: l | C22: m | D22: u | E22: l | F22: m | G22: u | H22: l | I22: m | J22: u | K22: l | L22: m | M22: u | N22: l | O22: m | P22: u
A23: =Справочник!$B$10 | B23: =IFERROR(IF(Справочник!$C$17="-",MIN($B$15:$B$18)/D15,B15/MAX($D$15:$D$18)),"") | C23: =IFERROR(IF(Справочник!$C$17="-",MIN($B$15:$B$18)/C15,C15/MAX($D$15:$D$18)),"") | D23: =IFERROR(IF(Справочник!$C$17="-",MIN($B$15:$B$18)/B15,D15/MAX($D$15:$D$18)),"") | E23: =IFERROR(IF(Справочник!$C$18="-",MIN($E$15:$E$18)/G15,E15/MAX($G$15:$G$18)),"") | F23: =IFERROR(IF(Справочник!$C$18="-",MIN($E$15:$E$18)/F15,F15/MAX($G$15:$G$18)),"") | G23: =IFERROR(IF(Справочник!$C$18="-",MIN($E$15:$E$18)/E15,G15/MAX($G$15:$G$18)),"") | H23: =IFERROR(IF(Справочник!$C$19="-",MIN($H$15:$H$18)/J15,H15/MAX($J$15:$J$18)),"") | I23: =IFERROR(IF(Справочник!$C$19="-",MIN($H$15:$H$18)/I15,I15/MAX($J$15:$J$18)),"") | J23: =IFERROR(IF(Справочник!$C$19="-",MIN($H$15:$H$18)/H15,J15/MAX($J$15:$J$18)),"") | K23: =IFERROR(IF(Справочник!$C$20="-",MIN($K$15:$K$18)/M15,K15/MAX($M$15:$M$18)),"") | L23: =IFERROR(IF(Справочник!$C$20="-",MIN($K$15:$K$18)/L15,L15/MAX($M$15:$M$18)),"") | M23: =IFERROR(IF(Справочник!$C$20="-",MIN($K$15:$K$18)/K15,M15/MAX($M$15:$M$18)),"") | N23: =IFERROR(IF(Справочник!$C$21="-",MIN($N$15:$N$18)/P15,N15/MAX($P$15:$P$18)),"") | O23: =IFERROR(IF(Справочник!$C$21="-",MIN($N$15:$N$18)/O15,O15/MAX($P$15:$P$18)),"") | P23: =IFERROR(IF(Справочник!$C$21="-",MIN($N$15:$N$18)/N15,P15/MAX($P$15:$P$18)),"")
A24: =Справочник!$B$11 | B24: =IFERROR(IF(Справочник!$C$17="-",MIN($B$15:$B$18)/D16,B16/MAX($D$15:$D$18)),"") | C24: =IFERROR(IF(Справочник!$C$17="-",MIN($B$15:$B$18)/C16,C16/MAX($D$15:$D$18)),"") | D24: =IFERROR(IF(Справочник!$C$17="-",MIN($B$15:$B$18)/B16,D16/MAX($D$15:$D$18)),"") | E24: =IFERROR(IF(Справочник!$C$18="-",MIN($E$15:$E$18)/G16,E16/MAX($G$15:$G$18)),"") | F24: =IFERROR(IF(Справочник!$C$18="-",MIN($E$15:$E$18)/F16,F16/MAX($G$15:$G$18)),"") | G24: =IFERROR(IF(Справочник!$C$18="-",MIN($E$15:$E$18)/E16,G16/MAX($G$15:$G$18)),"") | H24: =IFERROR(IF(Справочник!$C$19="-",MIN($H$15:$H$18)/J16,H16/MAX($J$15:$J$18)),"") | I24: =IFERROR(IF(Справочник!$C$19="-",MIN($H$15:$H$18)/I16,I16/MAX($J$15:$J$18)),"") | J24: =IFERROR(IF(Справочник!$C$19="-",MIN($H$15:$H$18)/H16,J16/MAX($J$15:$J$18)),"") | K24: =IFERROR(IF(Справочник!$C$20="-",MIN($K$15:$K$18)/M16,K16/MAX($M$15:$M$18)),"") | L24: =IFERROR(IF(Справочник!$C$20="-",MIN($K$15:$K$18)/L16,L16/MAX($M$15:$M$18)),"") | M24: =IFERROR(IF(Справочник!$C$20="-",MIN($K$15:$K$18)/K16,M16/MAX($M$15:$M$18)),"") | N24: =IFERROR(IF(Справочник!$C$21="-",MIN($N$15:$N$18)/P16,N16/MAX($P$15:$P$18)),"") | O24: =IFERROR(IF(Справочник!$C$21="-",MIN($N$15:$N$18)/O16,O16/MAX($P$15:$P$18)),"") | P24: =IFERROR(IF(Справочник!$C$21="-",MIN($N$15:$N$18)/N16,P16/MAX($P$15:$P$18)),"")
A25: =Справочник!$B$12 | B25: =IFERROR(IF(Справочник!$C$17="-",MIN($B$15:$B$18)/D17,B17/MAX($D$15:$D$18)),"") | C25: =IFERROR(IF(Справочник!$C$17="-",MIN($B$15:$B$18)/C17,C17/MAX($D$15:$D$18)),"") | D25: =IFERROR(IF(Справочник!$C$17="-",MIN($B$15:$B$18)/B17,D17/MAX($D$15:$D$18)),"") | E25: =IFERROR(IF(Справочник!$C$18="-",MIN($E$15:$E$18)/G17,E17/MAX($G$15:$G$18)),"") | F25: =IFERROR(IF(Справочник!$C$18="-",MIN($E$15:$E$18)/F17,F17/MAX($G$15:$G$18)),"") | G25: =IFERROR(IF(Справочник!$C$18="-",MIN($E$15:$E$18)/E17,G17/MAX($G$15:$G$18)),"") | H25: =IFERROR(IF(Справочник!$C$19="-",MIN($H$15:$H$18)/J17,H17/MAX($J$15:$J$18)),"") | I25: =IFERROR(IF(Справочник!$C$19="-",MIN($H$15:$H$18)/I17,I17/MAX($J$15:$J$18)),"") | J25: =IFERROR(IF(Справочник!$C$19="-",MIN($H$15:$H$18)/H17,J17/MAX($J$15:$J$18)),"") | K25: =IFERROR(IF(Справочник!$C$20="-",MIN($K$15:$K$18)/M17,K17/MAX($M$15:$M$18)),"") | L25: =IFERROR(IF(Справочник!$C$20="-",MIN($K$15:$K$18)/L17,L17/MAX($M$15:$M$18)),"") | M25: =IFERROR(IF(Справочник!$C$20="-",MIN($K$15:$K$18)/K17,M17/MAX($M$15:$M$18)),"") | N25: =IFERROR(IF(Справочник!$C$21="-",MIN($N$15:$N$18)/P17,N17/MAX($P$15:$P$18)),"") | O25: =IFERROR(IF(Справочник!$C$21="-",MIN($N$15:$N$18)/O17,O17/MAX($P$15:$P$18)),"") | P25: =IFERROR(IF(Справочник!$C$21="-",MIN($N$15:$N$18)/N17,P17/MAX($P$15:$P$18)),"")
A26: =Справочник!$B$13 | B26: =IFERROR(IF(Справочник!$C$17="-",MIN($B$15:$B$18)/D18,B18/MAX($D$15:$D$18)),"") | C26: =IFERROR(IF(Справочник!$C$17="-",MIN($B$15:$B$18)/C18,C18/MAX($D$15:$D$18)),"") | D26: =IFERROR(IF(Справочник!$C$17="-",MIN($B$15:$B$18)/B18,D18/MAX($D$15:$D$18)),"") | E26: =IFERROR(IF(Справочник!$C$18="-",MIN($E$15:$E$18)/G18,E18/MAX($G$15:$G$18)),"") | F26: =IFERROR(IF(Справочник!$C$18="-",MIN($E$15:$E$18)/F18,F18/MAX($G$15:$G$18)),"") | G26: =IFERROR(IF(Справочник!$C$18="-",MIN($E$15:$E$18)/E18,G18/MAX($G$15:$G$18)),"") | H26: =IFERROR(IF(Справочник!$C$19="-",MIN($H$15:$H$18)/J18,H18/MAX($J$15:$J$18)),"") | I26: =IFERROR(IF(Справочник!$C$19="-",MIN($H$15:$H$18)/I18,I18/MAX($J$15:$J$18)),"") | J26: =IFERROR(IF(Справочник!$C$19="-",MIN($H$15:$H$18)/H18,J18/MAX($J$15:$J$18)),"") | K26: =IFERROR(IF(Справочник!$C$20="-",MIN($K$15:$K$18)/M18,K18/MAX($M$15:$M$18)),"") | L26: =IFERROR(IF(Справочник!$C$20="-",MIN($K$15:$K$18)/L18,L18/MAX($M$15:$M$18)),"") | M26: =IFERROR(IF(Справочник!$C$20="-",MIN($K$15:$K$18)/K18,M18/MAX($M$15:$M$18)),"") | N26: =IFERROR(IF(Справочник!$C$21="-",MIN($N$15:$N$18)/P18,N18/MAX($P$15:$P$18)),"") | O26: =IFERROR(IF(Справочник!$C$21="-",MIN($N$15:$N$18)/O18,O18/MAX($P$15:$P$18)),"") | P26: =IFERROR(IF(Справочник!$C$21="-",MIN($N$15:$N$18)/N18,P18/MAX($P$15:$P$18)),"")
A28: 4. Взвешенная нормализованная матрица (покомпонентно на нечеткий вес)
A29: Альтернатива | B29: =Справочник!$B$17 | E29: =Справочник!$B$18 | H29: =Справочник!$B$19 | K29: =Справочник!$B$20 | N29: =Справочник!$B$21
B30: l | C30: m | D30: u | E30: l | F30: m | G30: u | H30: l | I30: m | J30: u | K30: l | L30: m | M30: u | N30: l | O30: m | P30: u
A31: =Справочник!$B$10 | B31: =IFERROR(B23*$E$6,"") | C31: =IFERROR(C23*$F$6,"") | D31: =IFERROR(D23*$G$6,"") | E31: =IFERROR(E23*$E$7,"") | F31: =IFERROR(F23*$F$7,"") | G31: =IFERROR(G23*$G$7,"") | H31: =IFERROR(H23*$E$8,"") | I31: =IFERROR(I23*$F$8,"") | J31: =IFERROR(J23*$G$8,"") | K31: =IFERROR(K23*$E$9,"") | L31: =IFERROR(L23*$F$9,"") | M31: =IFERROR(M23*$G$9,"") | N31: =IFERROR(N23*$E$10,"") | O31: =IFERROR(O23*$F$10,"") | P31: =IFERROR(P23*$G$10,"")
A32: =Справочник!$B$11 | B32: =IFERROR(B24*$E$6,"") | C32: =IFERROR(C24*$F$6,"") | D32: =IFERROR(D24*$G$6,"") | E32: =IFERROR(E24*$E$7,"") | F32: =IFERROR(F24*$F$7,"") | G32: =IFERROR(G24*$G$7,"") | H32: =IFERROR(H24*$E$8,"") | I32: =IFERROR(I24*$F$8,"") | J32: =IFERROR(J24*$G$8,"") | K32: =IFERROR(K24*$E$9,"") | L32: =IFERROR(L24*$F$9,"") | M32: =IFERROR(M24*$G$9,"") | N32: =IFERROR(N24*$E$10,"") | O32: =IFERROR(O24*$F$10,"") | P32: =IFERROR(P24*$G$10,"")
A33: =Справочник!$B$12 | B33: =IFERROR(B25*$E$6,"") | C33: =IFERROR(C25*$F$6,"") | D33: =IFERROR(D25*$G$6,"") | E33: =IFERROR(E25*$E$7,"") | F33: =IFERROR(F25*$F$7,"") | G33: =IFERROR(G25*$G$7,"") | H33: =IFERROR(H25*$E$8,"") | I33: =IFERROR(I25*$F$8,"") | J33: =IFERROR(J25*$G$8,"") | K33: =IFERROR(K25*$E$9,"") | L33: =IFERROR(L25*$F$9,"") | M33: =IFERROR(M25*$G$9,"") | N33: =IFERROR(N25*$E$10,"") | O33: =IFERROR(O25*$F$10,"") | P33: =IFERROR(P25*$G$10,"")
A34: =Справочник!$B$13 | B34: =IFERROR(B26*$E$6,"") | C34: =IFERROR(C26*$F$6,"") | D34: =IFERROR(D26*$G$6,"") | E34: =IFERROR(E26*$E$7,"") | F34: =IFERROR(F26*$F$7,"") | G34: =IFERROR(G26*$G$7,"") | H34: =IFERROR(H26*$E$8,"") | I34: =IFERROR(I26*$F$8,"") | J34: =IFERROR(J26*$G$8,"") | K34: =IFERROR(K26*$E$9,"") | L34: =IFERROR(L26*$F$9,"") | M34: =IFERROR(M26*$G$9,"") | N34: =IFERROR(N26*$E$10,"") | O34: =IFERROR(O26*$F$10,"") | P34: =IFERROR(P26*$G$10,"")
A36: 5. Идеальные решения: A+ = max u по критерию, A- = min l по критерию
A37: Критерий | B37: =Справочник!$B$17 | C37: =Справочник!$B$18 | D37: =Справочник!$B$19 | E37: =Справочник!$B$20 | F37: =Справочник!$B$21
A38: A+ | B38: =IF(COUNT(D31:D34)<4,"",MAX(D31:D34)) | C38: =IF(COUNT(G31:G34)<4,"",MAX(G31:G34)) | D38: =IF(COUNT(J31:J34)<4,"",MAX(J31:J34)) | E38: =IF(COUNT(M31:M34)<4,"",MAX(M31:M34)) | F38: =IF(COUNT(P31:P34)<4,"",MAX(P31:P34))
A39: A- | B39: =IF(COUNT(B31:B34)<4,"",MIN(B31:B34)) | C39: =IF(COUNT(E31:E34)<4,"",MIN(E31:E34)) | D39: =IF(COUNT(H31:H34)<4,"",MIN(H31:H34)) | E39: =IF(COUNT(K31:K34)<4,"",MIN(K31:K34)) | F39: =IF(COUNT(N31:N34)<4,"",MIN(N31:N34))
A41: 6. Расстояния и коэффициент относительной близости CC = d- / (d+ + d-)
A42: Альтернатива | B42: d+ | C42: d- | D42: CC | E42: Ранг
A43: =Справочник!$B$10 | B43: =IFERROR(SQRT(((B31-$B$38)^2+(C31-$B$38)^2+(D31-$B$38)^2)/3)+SQRT(((E31-$C$38)^2+(F31-$C$38)^2+(G31-$C$38)^2)/3)+SQRT(((H31-$D$38)^2+(I31-$D$38)^2+(J31-$D$38)^2)/3)+SQRT(((K31-$E$38)^2+(L31-$E$38)^2+(M31-$E$38)^2)/3)+SQRT(((N31-$F$38)^2+(O31-$F$38)^2+(P31-$F$38)^2)/3),"") | C43: =IFERROR(SQRT(((B31-$B$39)^2+(C31-$B$39)^2+(D31-$B$39)^2)/3)+SQRT(((E31-$C$39)^2+(F31-$C$39)^2+(G31-$C$39)^2)/3)+SQRT(((H31-$D$39)^2+(I31-$D$39)^2+(J31-$D$39)^2)/3)+SQRT(((K31-$E$39)^2+(L31-$E$39)^2+(M31-$E$39)^2)/3)+SQRT(((N31-$F$39)^2+(O31-$F$39)^2+(P31-$F$39)^2)/3),"") | D43: =IFERROR(C43/(B43+C43),"") | E43: =IFERROR(RANK(D43,$D$43:$D$46,0),"")
A44: =Справочник!$B$11 | B44: =IFERROR(SQRT(((B32-$B$38)^2+(C32-$B$38)^2+(D32-$B$38)^2)/3)+SQRT(((E32-$C$38)^2+(F32-$C$38)^2+(G32-$C$38)^2)/3)+SQRT(((H32-$D$38)^2+(I32-$D$38)^2+(J32-$D$38)^2)/3)+SQRT(((K32-$E$38)^2+(L32-$E$38)^2+(M32-$E$38)^2)/3)+SQRT(((N32-$F$38)^2+(O32-$F$38)^2+(P32-$F$38)^2)/3),"") | C44: =IFERROR(SQRT(((B32-$B$39)^2+(C32-$B$39)^2+(D32-$B$39)^2)/3)+SQRT(((E32-$C$39)^2+(F32-$C$39)^2+(G32-$C$39)^2)/3)+SQRT(((H32-$D$39)^2+(I32-$D$39)^2+(J32-$D$39)^2)/3)+SQRT(((K32-$E$39)^2+(L32-$E$39)^2+(M32-$E$39)^2)/3)+SQRT(((N32-$F$39)^2+(O32-$F$39)^2+(P32-$F$39)^2)/3),"") | D44: =IFERROR(C44/(B44+C44),"") | E44: =IFERROR(RANK(D44,$D$43:$D$46,0),"")
A45: =Справочник!$B$12 | B45: =IFERROR(SQRT(((B33-$B$38)^2+(C33-$B$38)^2+(D33-$B$38)^2)/3)+SQRT(((E33-$C$38)^2+(F33-$C$38)^2+(G33-$C$38)^2)/3)+SQRT(((H33-$D$38)^2+(I33-$D$38)^2+(J33-$D$38)^2)/3)+SQRT(((K33-$E$38)^2+(L33-$E$38)^2+(M33-$E$38)^2)/3)+SQRT(((N33-$F$38)^2+(O33-$F$38)^2+(P33-$F$38)^2)/3),"") | C45: =IFERROR(SQRT(((B33-$B$39)^2+(C33-$B$39)^2+(D33-$B$39)^2)/3)+SQRT(((E33-$C$39)^2+(F33-$C$39)^2+(G33-$C$39)^2)/3)+SQRT(((H33-$D$39)^2+(I33-$D$39)^2+(J33-$D$39)^2)/3)+SQRT(((K33-$E$39)^2+(L33-$E$39)^2+(M33-$E$39)^2)/3)+SQRT(((N33-$F$39)^2+(O33-$F$39)^2+(P33-$F$39)^2)/3),"") | D45: =IFERROR(C45/(B45+C45),"") | E45: =IFERROR(RANK(D45,$D$43:$D$46,0),"")
A46: =Справочник!$B$13 | B46: =IFERROR(SQRT(((B34-$B$38)^2+(C34-$B$38)^2+(D34-$B$38)^2)/3)+SQRT(((E34-$C$38)^2+(F34-$C$38)^2+(G34-$C$38)^2)/3)+SQRT(((H34-$D$38)^2+(I34-$D$38)^2+(J34-$D$38)^2)/3)+SQRT(((K34-$E$38)^2+(L34-$E$38)^2+(M34-$E$38)^2)/3)+SQRT(((N34-$F$38)^2+(O34-$F$38)^2+(P34-$F$38)^2)/3),"") | C46: =IFERROR(SQRT(((B34-$B$39)^2+(C34-$B$39)^2+(D34-$B$39)^2)/3)+SQRT(((E34-$C$39)^2+(F34-$C$39)^2+(G34-$C$39)^2)/3)+SQRT(((H34-$D$39)^2+(I34-$D$39)^2+(J34-$D$39)^2)/3)+SQRT(((K34-$E$39)^2+(L34-$E$39)^2+(M34-$E$39)^2)/3)+SQRT(((N34-$F$39)^2+(O34-$F$39)^2+(P34-$F$39)^2)/3),"") | D46: =IFERROR(C46/(B46+C46),"") | E46: =IFERROR(RANK(D46,$D$43:$D$46,0),"")
